SN,Quote,Author,Posted,Caption
1,"Focus on progress, not *perfection.*",Bruce Lee,True,Rise above the rest. ⚔️ Follow for daily discipline 🔥
2,Success starts with *self-control.*,Confucius,True,Focus and win. ⚔️ Follow for warrior mindset 🔥
3,Your only *limit* is you.,Bruce Lee,True,Keep pushing forward. ⚔️ Follow for mindset content 🔥
4,Your *only* limit is you.,UNKNOWN,True,Stay strong mentally. ⚔️ Follow for growth mindset 🔥
5,The soul becomes dyed with the color of its *thoughts.*,Marcus Aurelius,True,Master your mind. ⚔️ Follow for Stoic wisdom 🔥
6,Knowing others is intelligence; knowing *yourself* is true wisdom.,Lao Tzu,True,Look within. ⚔️ Follow for warrior mindset 🔥
7,He who is brave is *free.*,Seneca,True,Break the chains. ⚔️ Follow for daily discipline 🔥
8,A disciplined mind leads to *happiness.*,Dalai Lama,True,Control the chaos. ⚔️ Follow for mindset content 🔥
9,"Do not pray for an easy life, pray for the *strength* to endure a difficult one.",Bruce Lee,True,Build your resilience. ⚔️ Follow for warrior ethics 🔥
10,Waste no more time arguing what a good man should be. *Be* one.,Marcus Aurelius,True,Action over words. ⚔️ Follow for Stoic growth 🔥
11,"The superior man is modest in his speech, but exceeds in his *actions.*",Confucius,True,Let results speak. ⚔️ Follow for discipline 🔥
12,We suffer more often in imagination than in *reality.*,Seneca,True,Stop overthinking. ⚔️ Follow for mental strength 🔥
13,"If you are the smartest person in the room, you are in the *wrong* room.",Confucius,True,Keep growing. ⚔️ Follow for growth mindset 🔥
14,Hard times create *strong* men.,UNKNOWN,True,Endure the fire. ⚔️ Follow for warrior ethos 🔥
15,It does not matter how slowly you go as long as you do not *stop.*,Confucius,True,Stay in the race. ⚔️ Follow for daily motivation 🔥
16,Small gains every day represent *huge* gains over time.,UNKNOWN,True,Compounding discipline. ⚔️ Follow for progress 🔥
17,The best revenge is to be *unlike* him who performed the injury.,Marcus Aurelius,True,Rise above. ⚔️ Follow for Stoic peace 🔥
18,Victory is reserved for those who are willing to pay its *price.*,Sun Tzu,True,Earn your win. ⚔️ Follow for warrior mindset 🔥
19,What we do now echoes in *eternity.*,Marcus Aurelius,True,Make it count. ⚔️ Follow for legendary discipline 🔥
20,Discipline is the bridge between goals and *accomplishment.*,Jim Rohn,True,Cross the bridge. ⚔️ Follow for mindset content 🔥
21,To be self-reliant is the greatest *power.*,UNKNOWN,True,Trust yourself. ⚔️ Follow for growth 🔥
22,Everything you’ve ever wanted is on the other side of *fear.*,George Addair,True,Face the storm. ⚔️ Follow for warrior ethics 🔥
23,Luck is what happens when preparation meets *opportunity.*,Seneca,True,Stay ready. ⚔️ Follow for daily discipline 🔥
24,"The more you sweat in peace, the less you bleed in *war.*",Sun Tzu,True,Train harder. ⚔️ Follow for warrior mindset 🔥
25,"You have power over your mind—not outside events. Realize this, and you will find *strength.*",Marcus Aurelius,True,Inner fortress. ⚔️ Follow for Stoic growth 🔥
26,He who conquers himself is the mightiest *warrior.*,Confucius,True,The ultimate battle. ⚔️ Follow for daily discipline 🔥
27,Silence is a source of great *strength.*,Lao Tzu,True,Master the quiet. ⚔️ Follow for mindset content 🔥
28,Difficulties strengthen the mind as labor does the *body.*,Seneca,True,Welcome the struggle. ⚔️ Follow for mental strength 🔥
29,Absorb what is useful discard what is useless add what is specifically your *own.*,Bruce Lee,True,Evolve every day. ⚔️ Follow for warrior ethics 🔥
30,If you want to change the world change *yourself* first.,Confucius,True,Lead by example. ⚔️ Follow for growth mindset 🔥
31,Discipline today creates *freedom* tomorrow.,UNKNOWN,True,Build your future. ⚔️ Follow for daily discipline 🔥
32,Your habits shape your *destiny*.,UNKNOWN,True,Win your routine. ⚔️ Follow for growth mindset 🔥
33,Pain is temporary but *pride* is forever.,UNKNOWN,True,Push harder. ⚔️ Follow for warrior mindset 🔥
34,You either control your mind or it will *control* you.,UNKNOWN,False,Take charge. ⚔️ Follow for mental strength 🔥
35,Excuses are the enemy of *progress*.,UNKNOWN,False,No more limits. ⚔️ Follow for discipline 🔥
36,Strength grows in moments when you think you *can’t* go on.,UNKNOWN,False,Keep moving. ⚔️ Follow for resilience 🔥
37,Success is built on daily *consistency*.,UNKNOWN,False,Stay locked in. ⚔️ Follow for growth 🔥
38,The grind you avoid is the life you *delay*.,UNKNOWN,False,Do the work. ⚔️ Follow for mindset 🔥
39,Fear fades when action takes *over*.,UNKNOWN,False,Start now. ⚔️ Follow for courage 🔥
40,Greatness demands *sacrifice*.,UNKNOWN,False,Pay the price. ⚔️ Follow for warrior ethics 🔥
41,The pain you feel today builds the *strength* you need tomorrow.,UNKNOWN,False,Endure it. ⚔️ Follow for discipline 🔥
42,Comfort is the enemy of *growth*.,UNKNOWN,False,Get uncomfortable. ⚔️ Follow for mindset 🔥
43,Your future is created by what you do *today*.,UNKNOWN,False,Act now. ⚔️ Follow for success 🔥
44,Weakness leaves when discipline *enters*.,UNKNOWN,False,Level up. ⚔️ Follow for warrior mindset 🔥
45,Action kills *doubt*.,UNKNOWN,False,Move forward. ⚔️ Follow for confidence 🔥
46,Stay hungry for *progress*.,UNKNOWN,False,Never settle. ⚔️ Follow for growth 🔥
47,The strongest minds are built in *silence*.,UNKNOWN,False,Stay focused. ⚔️ Follow for mental strength 🔥
48,You don’t find willpower you *create* it.,UNKNOWN,False,Forge it daily. ⚔️ Follow for discipline 🔥
49,Success requires *obsession*.,UNKNOWN,False,Stay locked in. ⚔️ Follow for mindset 🔥
50,Every day is a chance to become *better*.,UNKNOWN,False,Take it. ⚔️ Follow for growth 🔥
51,Your standards define your *life*.,UNKNOWN,False,Raise them. ⚔️ Follow for discipline 🔥
52,The only way out is through *hard work*.,UNKNOWN,False,Push through. ⚔️ Follow for resilience 🔥
53,Stop wishing and start *doing*.,UNKNOWN,False,Take action. ⚔️ Follow for mindset 🔥
54,Your mind is your greatest *weapon*.,UNKNOWN,False,Train it. ⚔️ Follow for warrior mindset 🔥
55,Consistency beats *motivation*.,UNKNOWN,False,Stay steady. ⚔️ Follow for discipline 🔥
56,The battle is won in your *mind* first.,UNKNOWN,False,Think strong. ⚔️ Follow for mental strength 🔥
57,Hard work is a form of *self-respect*.,UNKNOWN,False,Respect yourself. ⚔️ Follow for growth 🔥
58,You grow through what you *go through*.,UNKNOWN,False,Embrace it. ⚔️ Follow for resilience 🔥
59,Small steps create *big* results.,UNKNOWN,False,Keep moving. ⚔️ Follow for progress 🔥
60,Discomfort is where *growth* begins.,UNKNOWN,False,Step in. ⚔️ Follow for mindset 🔥
61,The stronger you become the quieter you *get*.,UNKNOWN,False,Stay silent. ⚔️ Follow for strength 🔥
62,Don’t wait for opportunity *create* it.,UNKNOWN,False,Take control. ⚔️ Follow for success 🔥
63,Pain is the path to *power*.,UNKNOWN,False,Walk it. ⚔️ Follow for warrior mindset 🔥
64,Focus is the key to *everything*.,UNKNOWN,False,Lock in. ⚔️ Follow for discipline 🔥
65,Your limits exist only in your *mind*.,UNKNOWN,False,Break them. ⚔️ Follow for growth 🔥
66,The grind never lies it reveals your *truth*.,UNKNOWN,False,Stay real. ⚔️ Follow for mindset 🔥
67,Champions train when others *rest*.,UNKNOWN,False,Outwork them. ⚔️ Follow for discipline 🔥
68,You become what you *repeat*.,UNKNOWN,False,Choose wisely. ⚔️ Follow for growth 🔥
69,Effort never betrays *you*.,UNKNOWN,False,Give more. ⚔️ Follow for mindset 🔥
70,Stay patient and trust the *process*.,UNKNOWN,False,Keep going. ⚔️ Follow for success 🔥
71,Strength is earned not *given*.,UNKNOWN,False,Work for it. ⚔️ Follow for warrior mindset 🔥
72,Control your emotions or they will *control* you.,UNKNOWN,False,Stay calm. ⚔️ Follow for mental strength 🔥
73,Every setback is a setup for a *comeback*.,UNKNOWN,False,Rise again. ⚔️ Follow for resilience 🔥
74,Be addicted to *improvement*.,UNKNOWN,False,Level up daily. ⚔️ Follow for growth 🔥
75,The mind that endures becomes *unstoppable*.,UNKNOWN,False,Stay strong. ⚔️ Follow for discipline 🔥
76,Your work ethic defines your *future*.,UNKNOWN,False,Go harder. ⚔️ Follow for mindset 🔥
77,Winners focus on *winning* losers focus on winners.,UNKNOWN,False,Stay focused. ⚔️ Follow for growth 🔥
78,Push past your limits to find your *power*.,UNKNOWN,False,Discover it. ⚔️ Follow for warrior mindset 🔥
79,Nothing changes until *you* do.,UNKNOWN,False,Start now. ⚔️ Follow for discipline 🔥
80,Greatness is built in the *dark* when no one is watching.,UNKNOWN,False,Keep grinding. ⚔️ Follow for mindset 🔥
81,The man who masters himself masters his *destiny*.,Aristotle,False,Own your life. ⚔️ Follow for discipline 🔥
82,He who has a why can bear almost any *how*.,Friedrich Nietzsche,False,Find your reason. ⚔️ Follow for mindset 🔥
83,Fortune favors the *bold*.,Virgil,False,Take the risk. ⚔️ Follow for growth 🔥
84,Well done is better than well *said*.,Benjamin Franklin,False,Act more. ⚔️ Follow for discipline 🔥
85,Energy and persistence conquer all *things*.,Benjamin Franklin,False,Stay relentless. ⚔️ Follow for success 🔥
86,What you think you *become*.,Buddha,False,Think wisely. ⚔️ Follow for mindset 🔥
87,The harder the battle the sweeter the *victory*.,Les Brown,False,Keep fighting. ⚔️ Follow for resilience 🔥
88,Act as if what you do makes a *difference*.,William James,False,It does. ⚔️ Follow for growth 🔥
89,The future depends on what you do *today*.,Mahatma Gandhi,False,Act now. ⚔️ Follow for discipline 🔥
90,He who conquers himself is the greatest *warrior*.,Plato,False,Win within. ⚔️ Follow for mindset 🔥
91,Do what you can with all you *have*.,Theodore Roosevelt,False,Give everything. ⚔️ Follow for growth 🔥
92,Start where you are. Use what you have. Do what you *can*.,Arthur Ashe,False,Begin now. ⚔️ Follow for motivation 🔥
93,Success is not final failure is not *fatal*.,Winston Churchill,False,Keep going. ⚔️ Follow for resilience 🔥
94,Courage is resistance to *fear*.,Mark Twain,False,Face it. ⚔️ Follow for mindset 🔥
95,The only limit to our realization is our *doubt*.,Franklin D. Roosevelt,False,Believe more. ⚔️ Follow for growth 🔥
96,Don’t count the days make the days *count*.,Muhammad Ali,False,Maximize today. ⚔️ Follow for discipline 🔥
97,Turn your wounds into *wisdom*.,Oprah Winfrey,False,Grow stronger. ⚔️ Follow for mindset 🔥
98,Do not wait to strike till the iron is *hot*.,William Butler Yeats,False,Make it hot. ⚔️ Follow for action 🔥
99,The secret of getting ahead is getting *started*.,Mark Twain,False,Start now. ⚔️ Follow for growth 🔥
100,Opportunities don't happen. You *create* them.,Chris Grosser,False,Build it. ⚔️ Follow for success 🔥
101,Action is the foundational key to all *success*.,Pablo Picasso,False,Take action. ⚔️ Follow for mindset 🔥
102,Success usually comes to those who are too busy to be looking for *it*.,Henry David Thoreau,False,Stay focused. ⚔️ Follow for discipline 🔥
103,Don't watch the clock; do what it does. Keep *going*.,Sam Levenson,False,Move forward. ⚔️ Follow for consistency 🔥
104,If you want to achieve greatness stop asking for *permission*.,Unknown Author,False,Take control. ⚔️ Follow for growth 🔥
105,Work hard in silence let success make the *noise*.,Frank Ocean,False,Stay quiet. ⚔️ Follow for mindset 🔥
106,Don't limit your challenges. Challenge your *limits*.,Jerry Dunn,False,Push beyond. ⚔️ Follow for discipline 🔥
107,Great things never come from comfort *zones*.,Roy T. Bennett,False,Step out. ⚔️ Follow for growth 🔥
108,Dream big and dare to *fail*.,Norman Vaughan,False,Risk it. ⚔️ Follow for mindset 🔥
109,It always seems impossible until it's *done*.,Nelson Mandela,False,Keep pushing. ⚔️ Follow for resilience 🔥
110,If you're going through hell keep *going*.,Winston Churchill,False,Don’t stop. ⚔️ Follow for strength 🔥
111,Success is walking from failure to failure with no loss of *enthusiasm*.,Winston Churchill,False,Stay fired up. ⚔️ Follow for mindset 🔥
112,Hardships often prepare ordinary people for an extraordinary *destiny*.,C.S. Lewis,False,Trust the process. ⚔️ Follow for growth 🔥
113,The best way to predict the future is to *create* it.,Peter Drucker,False,Build it. ⚔️ Follow for success 🔥
114,Don't be pushed by your problems. Be led by your *dreams*.,Ralph Waldo Emerson,False,Stay inspired. ⚔️ Follow for mindset 🔥
115,Everything you can imagine is *real*.,Pablo Picasso,False,Visualize it. ⚔️ Follow for creativity 🔥
116,It does not matter how slowly you go as long as you do not *stop*.,Confucius,False,Stay consistent. ⚔️ Follow for discipline 🔥
117,Perseverance is not a long race; it's many short races one after *another*.,Walter Elliot,False,Keep running. ⚔️ Follow for growth 🔥
118,You miss 100% of the shots you don't *take*.,Wayne Gretzky,False,Shoot your shot. ⚔️ Follow for mindset 🔥
119,I am not a product of my circumstances. I am a product of my *decisions*.,Stephen R. Covey,False,Choose wisely. ⚔️ Follow for growth 🔥
120,Either you run the day or the day runs *you*.,Jim Rohn,False,Take control. ⚔️ Follow for discipline 🔥
121,The only place where success comes before work is in the *dictionary*.,Vidal Sassoon,False,Work first. ⚔️ Follow for mindset 🔥
122,Quality is not an act it is a *habit*.,Aristotle,False,Build habits. ⚔️ Follow for growth 🔥
123,If you’re not willing to risk the usual you will have to settle for the *ordinary*.,Jim Rohn,False,Risk more. ⚔️ Follow for success 🔥
124,Success is how high you bounce when you hit *bottom*.,George S. Patton,False,Rise again. ⚔️ Follow for resilience 🔥
125,What lies behind us and what lies before us are tiny matters compared to what lies *within* us.,Ralph Waldo Emerson,False,Look inside. ⚔️ Follow for mindset 🔥
126,The only journey is the one *within*.,Rainer Maria Rilke,False,Self mastery. ⚔️ Follow for growth 🔥
127,Don’t wish it were easier. Wish you were *better*.,Jim Rohn,False,Level up. ⚔️ Follow for discipline 🔥
128,Success is the sum of small efforts repeated day in and day *out*.,Robert Collier,False,Stay consistent. ⚔️ Follow for growth 🔥
129,The difference between ordinary and extraordinary is that little *extra*.,Jimmy Johnson,False,Give more. ⚔️ Follow for mindset 🔥
130,Push yourself because no one else is going to do it for *you*.,Brian Tracy,False,Take responsibility. ⚔️ Follow for discipline 🔥
